Sample in Buffer,Sample in Window,TRIGGER,my_test_algo/bram_to_hls[63:32],my_test_algo/bram_to_hls_1[31:0],my_test_algo/hls_to_ila[31:0]
0,0,1,22222222,bbbbbbbb,00000000
1,1,0,11111111,aaaaaaaa,00000000
2,2,0,22222222,bbbbbbbb,00000000
3,3,0,11111111,aaaaaaaa,00000000
4,4,0,22222222,bbbbbbbb,00000000
5,5,0,11111111,aaaaaaaa,00000000
6,6,0,22222222,bbbbbbbb,00000000
7,7,0,11111111,aaaaaaaa,00000000
8,8,0,22222222,bbbbbbbb,00000000
9,9,0,11111111,aaaaaaaa,00000000
10,10,0,22222222,bbbbbbbb,00000000
11,11,0,11111111,aaaaaaaa,00000000
12,12,0,22222222,bbbbbbbb,00000000
13,13,0,11111111,aaaaaaaa,00000000
14,14,0,22222222,bbbbbbbb,00000000
15,15,0,11111111,aaaaaaaa,00000000
16,16,0,22222222,bbbbbbbb,00000000
17,17,0,11111111,aaaaaaaa,00000000
18,18,0,22222222,bbbbbbbb,00000000
19,19,0,11111111,aaaaaaaa,00000000
20,20,0,22222222,bbbbbbbb,00000000
21,21,0,11111111,aaaaaaaa,00000000
22,22,0,22222222,bbbbbbbb,00000000
23,23,0,11111111,aaaaaaaa,00000000
24,24,0,22222222,bbbbbbbb,00000000
25,25,0,11111111,aaaaaaaa,00000000
26,26,0,22222222,bbbbbbbb,00000000
27,27,0,11111111,aaaaaaaa,00000000
28,28,0,22222222,bbbbbbbb,00000000
29,29,0,11111111,aaaaaaaa,00000000
30,30,0,22222222,bbbbbbbb,00000000
31,31,0,11111111,aaaaaaaa,00000000
32,32,0,22222222,bbbbbbbb,00000000
33,33,0,11111111,aaaaaaaa,00000000
34,34,0,22222222,bbbbbbbb,00000000
35,35,0,11111111,aaaaaaaa,00000000
36,36,0,22222222,bbbbbbbb,00000000
37,37,0,11111111,aaaaaaaa,00000000
38,38,0,22222222,bbbbbbbb,00000000
39,39,0,11111111,aaaaaaaa,00000000
40,40,0,22222222,bbbbbbbb,00000000
41,41,0,11111111,aaaaaaaa,00000000
42,42,0,22222222,bbbbbbbb,00000000
43,43,0,11111111,aaaaaaaa,00000000
44,44,0,22222222,bbbbbbbb,00000000
45,45,0,11111111,aaaaaaaa,00000000
46,46,0,22222222,bbbbbbbb,00000000
47,47,0,11111111,aaaaaaaa,00000000
48,48,0,22222222,bbbbbbbb,00000000
49,49,0,11111111,aaaaaaaa,00000000
50,50,0,22222222,bbbbbbbb,00000000
51,51,0,11111111,aaaaaaaa,00000000
52,52,0,22222222,bbbbbbbb,00000000
53,53,0,11111111,aaaaaaaa,00000000
54,54,0,22222222,bbbbbbbb,00000000
55,55,0,11111111,aaaaaaaa,00000000
56,56,0,22222222,bbbbbbbb,00000000
57,57,0,11111111,aaaaaaaa,00000000
58,58,0,22222222,bbbbbbbb,00000000
59,59,0,11111111,aaaaaaaa,00000000
60,60,0,22222222,bbbbbbbb,00000000
61,61,0,11111111,aaaaaaaa,00000000
62,62,0,22222222,bbbbbbbb,00000000
63,63,0,11111111,aaaaaaaa,00000000
64,64,0,22222222,bbbbbbbb,00000000
65,65,0,11111111,aaaaaaaa,00000000
66,66,0,22222222,bbbbbbbb,00000000
67,67,0,11111111,aaaaaaaa,00000000
68,68,0,22222222,bbbbbbbb,00000000
69,69,0,11111111,aaaaaaaa,00000000
70,70,0,22222222,bbbbbbbb,00000000
71,71,0,11111111,aaaaaaaa,00000000
72,72,0,22222222,bbbbbbbb,00000000
73,73,0,11111111,aaaaaaaa,00000000
74,74,0,22222222,bbbbbbbb,00000000
75,75,0,11111111,aaaaaaaa,00000000
76,76,0,22222222,bbbbbbbb,00000000
77,77,0,11111111,aaaaaaaa,00000000
78,78,0,22222222,bbbbbbbb,00000000
79,79,0,11111111,aaaaaaaa,00000000
80,80,0,22222222,bbbbbbbb,00000000
81,81,0,11111111,aaaaaaaa,00000000
82,82,0,22222222,bbbbbbbb,00000000
83,83,0,11111111,aaaaaaaa,00000000
84,84,0,22222222,bbbbbbbb,00000000
85,85,0,11111111,aaaaaaaa,00000000
86,86,0,22222222,bbbbbbbb,00000000
87,87,0,11111111,aaaaaaaa,00000000
88,88,0,22222222,bbbbbbbb,00000000
89,89,0,11111111,aaaaaaaa,00000000
90,90,0,22222222,bbbbbbbb,00000000
91,91,0,11111111,aaaaaaaa,00000000
92,92,0,22222222,bbbbbbbb,00000000
93,93,0,11111111,aaaaaaaa,00000000
94,94,0,22222222,bbbbbbbb,00000000
95,95,0,11111111,aaaaaaaa,00000000
96,96,0,22222222,bbbbbbbb,00000000
97,97,0,11111111,aaaaaaaa,00000000
98,98,0,22222222,bbbbbbbb,00000000
99,99,0,11111111,aaaaaaaa,00000000
100,100,0,22222222,bbbbbbbb,00000000
101,101,0,11111111,aaaaaaaa,00000000
102,102,0,22222222,bbbbbbbb,00000000
103,103,0,11111111,aaaaaaaa,00000000
104,104,0,22222222,bbbbbbbb,00000000
105,105,0,11111111,aaaaaaaa,00000000
106,106,0,22222222,bbbbbbbb,00000000
107,107,0,11111111,aaaaaaaa,00000000
108,108,0,22222222,bbbbbbbb,00000000
109,109,0,11111111,aaaaaaaa,00000000
110,110,0,22222222,bbbbbbbb,00000000
111,111,0,11111111,aaaaaaaa,00000000
112,112,0,22222222,bbbbbbbb,00000000
113,113,0,11111111,aaaaaaaa,00000000
114,114,0,22222222,bbbbbbbb,00000000
115,115,0,11111111,aaaaaaaa,00000000
116,116,0,22222222,bbbbbbbb,00000000
117,117,0,11111111,aaaaaaaa,00000000
118,118,0,22222222,bbbbbbbb,00000000
119,119,0,11111111,aaaaaaaa,00000000
120,120,0,22222222,bbbbbbbb,00000000
121,121,0,11111111,aaaaaaaa,00000000
122,122,0,22222222,bbbbbbbb,00000000
123,123,0,11111111,aaaaaaaa,00000000
124,124,0,22222222,bbbbbbbb,00000000
125,125,0,11111111,aaaaaaaa,00000000
126,126,0,22222222,bbbbbbbb,00000000
127,127,0,11111111,aaaaaaaa,00000000
128,128,0,22222222,bbbbbbbb,00000000
129,129,0,11111111,aaaaaaaa,00000000
130,130,0,22222222,bbbbbbbb,00000000
131,131,0,11111111,aaaaaaaa,00000000
132,132,0,22222222,bbbbbbbb,00000000
133,133,0,11111111,aaaaaaaa,00000000
134,134,0,22222222,bbbbbbbb,00000000
135,135,0,11111111,aaaaaaaa,00000000
136,136,0,22222222,bbbbbbbb,00000000
137,137,0,11111111,aaaaaaaa,00000000
138,138,0,22222222,bbbbbbbb,00000000
139,139,0,11111111,aaaaaaaa,00000000
140,140,0,22222222,bbbbbbbb,00000000
141,141,0,11111111,aaaaaaaa,00000000
142,142,0,22222222,bbbbbbbb,00000000
143,143,0,11111111,aaaaaaaa,00000000
144,144,0,22222222,bbbbbbbb,00000000
145,145,0,11111111,aaaaaaaa,00000000
146,146,0,22222222,bbbbbbbb,00000000
147,147,0,11111111,aaaaaaaa,00000000
148,148,0,22222222,bbbbbbbb,00000000
149,149,0,11111111,aaaaaaaa,00000000
150,150,0,22222222,bbbbbbbb,00000000
151,151,0,11111111,aaaaaaaa,00000000
152,152,0,22222222,bbbbbbbb,00000000
153,153,0,11111111,aaaaaaaa,00000000
154,154,0,22222222,bbbbbbbb,00000000
155,155,0,11111111,aaaaaaaa,00000000
156,156,0,22222222,bbbbbbbb,00000000
157,157,0,11111111,aaaaaaaa,00000000
158,158,0,22222222,bbbbbbbb,00000000
159,159,0,11111111,aaaaaaaa,00000000
160,160,0,22222222,bbbbbbbb,00000000
161,161,0,11111111,aaaaaaaa,00000000
162,162,0,22222222,bbbbbbbb,00000000
163,163,0,11111111,aaaaaaaa,00000000
164,164,0,22222222,bbbbbbbb,00000000
165,165,0,11111111,aaaaaaaa,00000000
166,166,0,22222222,bbbbbbbb,00000000
167,167,0,11111111,aaaaaaaa,00000000
168,168,0,22222222,bbbbbbbb,00000000
169,169,0,11111111,aaaaaaaa,00000000
170,170,0,22222222,bbbbbbbb,00000000
171,171,0,11111111,aaaaaaaa,00000000
172,172,0,22222222,bbbbbbbb,00000000
173,173,0,11111111,aaaaaaaa,00000000
174,174,0,22222222,bbbbbbbb,00000000
175,175,0,11111111,aaaaaaaa,00000000
176,176,0,22222222,bbbbbbbb,00000000
177,177,0,11111111,aaaaaaaa,00000000
178,178,0,22222222,bbbbbbbb,00000000
179,179,0,11111111,aaaaaaaa,00000000
180,180,0,22222222,bbbbbbbb,00000000
181,181,0,11111111,aaaaaaaa,00000000
182,182,0,22222222,bbbbbbbb,00000000
183,183,0,11111111,aaaaaaaa,00000000
184,184,0,22222222,bbbbbbbb,00000000
185,185,0,11111111,aaaaaaaa,00000000
186,186,0,22222222,bbbbbbbb,00000000
187,187,0,11111111,aaaaaaaa,00000000
188,188,0,22222222,bbbbbbbb,00000000
189,189,0,11111111,aaaaaaaa,00000000
190,190,0,22222222,bbbbbbbb,00000000
191,191,0,11111111,aaaaaaaa,00000000
192,192,0,22222222,bbbbbbbb,00000000
193,193,0,11111111,aaaaaaaa,00000000
194,194,0,22222222,bbbbbbbb,00000000
195,195,0,11111111,aaaaaaaa,00000000
196,196,0,22222222,bbbbbbbb,00000000
197,197,0,11111111,aaaaaaaa,00000000
198,198,0,22222222,bbbbbbbb,00000000
199,199,0,11111111,aaaaaaaa,00000000
200,200,0,22222222,bbbbbbbb,00000000
201,201,0,11111111,aaaaaaaa,00000000
202,202,0,22222222,bbbbbbbb,00000000
203,203,0,11111111,aaaaaaaa,00000000
204,204,0,22222222,bbbbbbbb,00000000
205,205,0,11111111,aaaaaaaa,00000000
206,206,0,22222222,bbbbbbbb,00000000
207,207,0,11111111,aaaaaaaa,00000000
208,208,0,22222222,bbbbbbbb,00000000
209,209,0,11111111,aaaaaaaa,00000000
210,210,0,22222222,bbbbbbbb,00000000
211,211,0,11111111,aaaaaaaa,00000000
212,212,0,22222222,bbbbbbbb,00000000
213,213,0,11111111,aaaaaaaa,00000000
214,214,0,22222222,bbbbbbbb,00000000
215,215,0,11111111,aaaaaaaa,00000000
216,216,0,22222222,bbbbbbbb,00000000
217,217,0,11111111,aaaaaaaa,00000000
218,218,0,22222222,bbbbbbbb,00000000
219,219,0,11111111,aaaaaaaa,00000000
220,220,0,22222222,bbbbbbbb,00000000
221,221,0,11111111,aaaaaaaa,00000000
222,222,0,22222222,bbbbbbbb,00000000
223,223,0,11111111,aaaaaaaa,00000000
224,224,0,22222222,bbbbbbbb,00000000
225,225,0,11111111,aaaaaaaa,00000000
226,226,0,22222222,bbbbbbbb,00000000
227,227,0,11111111,aaaaaaaa,00000000
228,228,0,22222222,bbbbbbbb,00000000
229,229,0,11111111,aaaaaaaa,00000000
230,230,0,22222222,bbbbbbbb,00000000
231,231,0,11111111,aaaaaaaa,00000000
232,232,0,22222222,bbbbbbbb,00000000
233,233,0,11111111,aaaaaaaa,00000000
234,234,0,22222222,bbbbbbbb,00000000
235,235,0,11111111,aaaaaaaa,00000000
236,236,0,22222222,bbbbbbbb,00000000
237,237,0,11111111,aaaaaaaa,00000000
238,238,0,22222222,bbbbbbbb,00000000
239,239,0,11111111,aaaaaaaa,00000000
240,240,0,22222222,bbbbbbbb,00000000
241,241,0,11111111,aaaaaaaa,00000000
242,242,0,22222222,bbbbbbbb,00000000
243,243,0,11111111,aaaaaaaa,00000000
244,244,0,22222222,bbbbbbbb,00000000
245,245,0,11111111,aaaaaaaa,00000000
246,246,0,22222222,bbbbbbbb,00000000
247,247,0,11111111,aaaaaaaa,00000000
248,248,0,22222222,bbbbbbbb,00000000
249,249,0,11111111,aaaaaaaa,00000000
250,250,0,22222222,bbbbbbbb,00000000
251,251,0,11111111,aaaaaaaa,00000000
252,252,0,22222222,bbbbbbbb,00000000
253,253,0,11111111,aaaaaaaa,00000000
254,254,0,22222222,bbbbbbbb,00000000
255,255,0,11111111,aaaaaaaa,00000000
256,256,0,22222222,bbbbbbbb,00000000
257,257,0,11111111,aaaaaaaa,00000000
258,258,0,22222222,bbbbbbbb,00000000
259,259,0,11111111,aaaaaaaa,00000000
260,260,0,22222222,bbbbbbbb,00000000
261,261,0,11111111,aaaaaaaa,00000000
262,262,0,22222222,bbbbbbbb,00000000
263,263,0,11111111,aaaaaaaa,00000000
264,264,0,22222222,bbbbbbbb,00000000
265,265,0,11111111,aaaaaaaa,00000000
266,266,0,22222222,bbbbbbbb,00000000
267,267,0,11111111,aaaaaaaa,00000000
268,268,0,22222222,bbbbbbbb,00000000
269,269,0,11111111,aaaaaaaa,00000000
270,270,0,22222222,bbbbbbbb,00000000
271,271,0,11111111,aaaaaaaa,00000000
272,272,0,22222222,bbbbbbbb,00000000
273,273,0,11111111,aaaaaaaa,00000000
274,274,0,22222222,bbbbbbbb,00000000
275,275,0,11111111,aaaaaaaa,00000000
276,276,0,22222222,bbbbbbbb,00000000
277,277,0,11111111,aaaaaaaa,00000000
278,278,0,22222222,bbbbbbbb,00000000
279,279,0,11111111,aaaaaaaa,00000000
280,280,0,22222222,bbbbbbbb,00000000
281,281,0,11111111,aaaaaaaa,00000000
282,282,0,22222222,bbbbbbbb,00000000
283,283,0,11111111,aaaaaaaa,00000000
284,284,0,22222222,bbbbbbbb,00000000
285,285,0,11111111,aaaaaaaa,00000000
286,286,0,22222222,bbbbbbbb,00000000
287,287,0,11111111,aaaaaaaa,00000000
288,288,0,22222222,bbbbbbbb,00000000
289,289,0,11111111,aaaaaaaa,00000000
290,290,0,22222222,bbbbbbbb,00000000
291,291,0,11111111,aaaaaaaa,00000000
292,292,0,22222222,bbbbbbbb,00000000
293,293,0,11111111,aaaaaaaa,00000000
294,294,0,22222222,bbbbbbbb,00000000
295,295,0,11111111,aaaaaaaa,00000000
296,296,0,22222222,bbbbbbbb,00000000
297,297,0,11111111,aaaaaaaa,00000000
298,298,0,22222222,bbbbbbbb,00000000
299,299,0,11111111,aaaaaaaa,00000000
300,300,0,22222222,bbbbbbbb,00000000
301,301,0,11111111,aaaaaaaa,00000000
302,302,0,22222222,bbbbbbbb,00000000
303,303,0,11111111,aaaaaaaa,00000000
304,304,0,22222222,bbbbbbbb,00000000
305,305,0,11111111,aaaaaaaa,00000000
306,306,0,22222222,bbbbbbbb,00000000
307,307,0,11111111,aaaaaaaa,00000000
308,308,0,22222222,bbbbbbbb,00000000
309,309,0,11111111,aaaaaaaa,00000000
310,310,0,22222222,bbbbbbbb,00000000
311,311,0,11111111,aaaaaaaa,00000000
312,312,0,22222222,bbbbbbbb,00000000
313,313,0,11111111,aaaaaaaa,00000000
314,314,0,22222222,bbbbbbbb,00000000
315,315,0,11111111,aaaaaaaa,00000000
316,316,0,22222222,bbbbbbbb,00000000
317,317,0,11111111,aaaaaaaa,00000000
318,318,0,22222222,bbbbbbbb,00000000
319,319,0,11111111,aaaaaaaa,00000000
320,320,0,22222222,bbbbbbbb,00000000
321,321,0,11111111,aaaaaaaa,00000000
322,322,0,22222222,bbbbbbbb,00000000
323,323,0,11111111,aaaaaaaa,00000000
324,324,0,22222222,bbbbbbbb,00000000
325,325,0,11111111,aaaaaaaa,00000000
326,326,0,22222222,bbbbbbbb,00000000
327,327,0,11111111,aaaaaaaa,00000000
328,328,0,22222222,bbbbbbbb,00000000
329,329,0,11111111,aaaaaaaa,00000000
330,330,0,22222222,bbbbbbbb,00000000
331,331,0,11111111,aaaaaaaa,00000000
332,332,0,22222222,bbbbbbbb,00000000
333,333,0,11111111,aaaaaaaa,00000000
334,334,0,22222222,bbbbbbbb,00000000
335,335,0,11111111,aaaaaaaa,00000000
336,336,0,22222222,bbbbbbbb,00000000
337,337,0,11111111,aaaaaaaa,00000000
338,338,0,22222222,bbbbbbbb,00000000
339,339,0,11111111,aaaaaaaa,00000000
340,340,0,22222222,bbbbbbbb,00000000
341,341,0,11111111,aaaaaaaa,00000000
342,342,0,22222222,bbbbbbbb,00000000
343,343,0,11111111,aaaaaaaa,00000000
344,344,0,22222222,bbbbbbbb,00000000
345,345,0,11111111,aaaaaaaa,00000000
346,346,0,22222222,bbbbbbbb,00000000
347,347,0,11111111,aaaaaaaa,00000000
348,348,0,22222222,bbbbbbbb,00000000
349,349,0,11111111,aaaaaaaa,00000000
350,350,0,22222222,bbbbbbbb,00000000
351,351,0,11111111,aaaaaaaa,00000000
352,352,0,22222222,bbbbbbbb,00000000
353,353,0,11111111,aaaaaaaa,00000000
354,354,0,22222222,bbbbbbbb,00000000
355,355,0,11111111,aaaaaaaa,00000000
356,356,0,22222222,bbbbbbbb,00000000
357,357,0,11111111,aaaaaaaa,00000000
358,358,0,22222222,bbbbbbbb,00000000
359,359,0,11111111,aaaaaaaa,00000000
360,360,0,22222222,bbbbbbbb,00000000
361,361,0,11111111,aaaaaaaa,00000000
362,362,0,22222222,bbbbbbbb,00000000
363,363,0,11111111,aaaaaaaa,00000000
364,364,0,22222222,bbbbbbbb,00000000
365,365,0,11111111,aaaaaaaa,00000000
366,366,0,22222222,bbbbbbbb,00000000
367,367,0,11111111,aaaaaaaa,00000000
368,368,0,22222222,bbbbbbbb,00000000
369,369,0,11111111,aaaaaaaa,00000000
370,370,0,22222222,bbbbbbbb,00000000
371,371,0,11111111,aaaaaaaa,00000000
372,372,0,22222222,bbbbbbbb,00000000
373,373,0,11111111,aaaaaaaa,00000000
374,374,0,22222222,bbbbbbbb,00000000
375,375,0,11111111,aaaaaaaa,00000000
376,376,0,22222222,bbbbbbbb,00000000
377,377,0,11111111,aaaaaaaa,00000000
378,378,0,22222222,bbbbbbbb,00000000
379,379,0,11111111,aaaaaaaa,00000000
380,380,0,22222222,bbbbbbbb,00000000
381,381,0,11111111,aaaaaaaa,00000000
382,382,0,22222222,bbbbbbbb,00000000
383,383,0,11111111,aaaaaaaa,00000000
384,384,0,22222222,bbbbbbbb,00000000
385,385,0,11111111,aaaaaaaa,00000000
386,386,0,22222222,bbbbbbbb,00000000
387,387,0,11111111,aaaaaaaa,00000000
388,388,0,22222222,bbbbbbbb,00000000
389,389,0,11111111,aaaaaaaa,00000000
390,390,0,22222222,bbbbbbbb,00000000
391,391,0,11111111,aaaaaaaa,00000000
392,392,0,22222222,bbbbbbbb,00000000
393,393,0,11111111,aaaaaaaa,00000000
394,394,0,22222222,bbbbbbbb,00000000
395,395,0,11111111,aaaaaaaa,00000000
396,396,0,22222222,bbbbbbbb,00000000
397,397,0,11111111,aaaaaaaa,00000000
398,398,0,22222222,bbbbbbbb,00000000
399,399,0,11111111,aaaaaaaa,00000000
400,400,0,22222222,bbbbbbbb,00000000
401,401,0,11111111,aaaaaaaa,00000000
402,402,0,22222222,bbbbbbbb,00000000
403,403,0,11111111,aaaaaaaa,00000000
404,404,0,22222222,bbbbbbbb,00000000
405,405,0,11111111,aaaaaaaa,00000000
406,406,0,22222222,bbbbbbbb,00000000
407,407,0,11111111,aaaaaaaa,00000000
408,408,0,22222222,bbbbbbbb,00000000
409,409,0,11111111,aaaaaaaa,00000000
410,410,0,22222222,bbbbbbbb,00000000
411,411,0,11111111,aaaaaaaa,00000000
412,412,0,22222222,bbbbbbbb,00000000
413,413,0,11111111,aaaaaaaa,00000000
414,414,0,22222222,bbbbbbbb,00000000
415,415,0,11111111,aaaaaaaa,00000000
416,416,0,22222222,bbbbbbbb,00000000
417,417,0,11111111,aaaaaaaa,00000000
418,418,0,22222222,bbbbbbbb,00000000
419,419,0,11111111,aaaaaaaa,00000000
420,420,0,22222222,bbbbbbbb,00000000
421,421,0,11111111,aaaaaaaa,00000000
422,422,0,22222222,bbbbbbbb,00000000
423,423,0,11111111,aaaaaaaa,00000000
424,424,0,22222222,bbbbbbbb,00000000
425,425,0,11111111,aaaaaaaa,00000000
426,426,0,22222222,bbbbbbbb,00000000
427,427,0,11111111,aaaaaaaa,00000000
428,428,0,22222222,bbbbbbbb,00000000
429,429,0,11111111,aaaaaaaa,00000000
430,430,0,22222222,bbbbbbbb,00000000
431,431,0,11111111,aaaaaaaa,00000000
432,432,0,22222222,bbbbbbbb,00000000
433,433,0,11111111,aaaaaaaa,00000000
434,434,0,22222222,bbbbbbbb,00000000
435,435,0,11111111,aaaaaaaa,00000000
436,436,0,22222222,bbbbbbbb,00000000
437,437,0,11111111,aaaaaaaa,00000000
438,438,0,22222222,bbbbbbbb,00000000
439,439,0,11111111,aaaaaaaa,00000000
440,440,0,22222222,bbbbbbbb,00000000
441,441,0,11111111,aaaaaaaa,00000000
442,442,0,22222222,bbbbbbbb,00000000
443,443,0,11111111,aaaaaaaa,00000000
444,444,0,22222222,bbbbbbbb,00000000
445,445,0,11111111,aaaaaaaa,00000000
446,446,0,22222222,bbbbbbbb,00000000
447,447,0,11111111,aaaaaaaa,00000000
448,448,0,22222222,bbbbbbbb,00000000
449,449,0,11111111,aaaaaaaa,00000000
450,450,0,22222222,bbbbbbbb,00000000
451,451,0,11111111,aaaaaaaa,00000000
452,452,0,22222222,bbbbbbbb,00000000
453,453,0,11111111,aaaaaaaa,00000000
454,454,0,22222222,bbbbbbbb,00000000
455,455,0,11111111,aaaaaaaa,00000000
456,456,0,22222222,bbbbbbbb,00000000
457,457,0,11111111,aaaaaaaa,00000000
458,458,0,22222222,bbbbbbbb,00000000
459,459,0,11111111,aaaaaaaa,00000000
460,460,0,22222222,bbbbbbbb,00000000
461,461,0,11111111,aaaaaaaa,00000000
462,462,0,22222222,bbbbbbbb,00000000
463,463,0,11111111,aaaaaaaa,00000000
464,464,0,22222222,bbbbbbbb,00000000
465,465,0,11111111,aaaaaaaa,00000000
466,466,0,22222222,bbbbbbbb,00000000
467,467,0,11111111,aaaaaaaa,00000000
468,468,0,22222222,bbbbbbbb,00000000
469,469,0,11111111,aaaaaaaa,00000000
470,470,0,22222222,bbbbbbbb,00000000
471,471,0,11111111,aaaaaaaa,00000000
472,472,0,22222222,bbbbbbbb,00000000
473,473,0,11111111,aaaaaaaa,00000000
474,474,0,22222222,bbbbbbbb,00000000
475,475,0,11111111,aaaaaaaa,00000000
476,476,0,22222222,bbbbbbbb,00000000
477,477,0,11111111,aaaaaaaa,00000000
478,478,0,22222222,bbbbbbbb,00000000
479,479,0,11111111,aaaaaaaa,00000000
480,480,0,22222222,bbbbbbbb,00000000
481,481,0,11111111,aaaaaaaa,00000000
482,482,0,22222222,bbbbbbbb,00000000
483,483,0,11111111,aaaaaaaa,00000000
484,484,0,22222222,bbbbbbbb,00000000
485,485,0,11111111,aaaaaaaa,00000000
486,486,0,22222222,bbbbbbbb,00000000
487,487,0,11111111,aaaaaaaa,00000000
488,488,0,22222222,bbbbbbbb,00000000
489,489,0,11111111,aaaaaaaa,00000000
490,490,0,22222222,bbbbbbbb,00000000
491,491,0,11111111,aaaaaaaa,00000000
492,492,0,22222222,bbbbbbbb,00000000
493,493,0,11111111,aaaaaaaa,00000000
494,494,0,22222222,bbbbbbbb,00000000
495,495,0,11111111,aaaaaaaa,00000000
496,496,0,22222222,bbbbbbbb,00000000
497,497,0,11111111,aaaaaaaa,00000000
498,498,0,22222222,bbbbbbbb,00000000
499,499,0,11111111,aaaaaaaa,00000000
500,500,0,22222222,bbbbbbbb,00000000
501,501,0,11111111,aaaaaaaa,00000000
502,502,0,22222222,bbbbbbbb,00000000
503,503,0,11111111,aaaaaaaa,00000000
504,504,0,22222222,bbbbbbbb,00000000
505,505,0,11111111,aaaaaaaa,00000000
506,506,0,22222222,bbbbbbbb,00000000
507,507,0,11111111,aaaaaaaa,00000000
508,508,0,22222222,bbbbbbbb,00000000
509,509,0,11111111,aaaaaaaa,00000000
510,510,0,22222222,bbbbbbbb,00000000
511,511,0,11111111,aaaaaaaa,00000000
512,512,0,22222222,bbbbbbbb,00000000
513,513,0,11111111,aaaaaaaa,00000000
514,514,0,22222222,bbbbbbbb,00000000
515,515,0,11111111,aaaaaaaa,00000000
516,516,0,22222222,bbbbbbbb,00000000
517,517,0,11111111,aaaaaaaa,00000000
518,518,0,22222222,bbbbbbbb,00000000
519,519,0,11111111,aaaaaaaa,00000000
520,520,0,22222222,bbbbbbbb,00000000
521,521,0,11111111,aaaaaaaa,00000000
522,522,0,22222222,bbbbbbbb,00000000
523,523,0,11111111,aaaaaaaa,00000000
524,524,0,22222222,bbbbbbbb,00000000
525,525,0,11111111,aaaaaaaa,00000000
526,526,0,22222222,bbbbbbbb,00000000
527,527,0,11111111,aaaaaaaa,00000000
528,528,0,22222222,bbbbbbbb,00000000
529,529,0,11111111,aaaaaaaa,00000000
530,530,0,22222222,bbbbbbbb,00000000
531,531,0,11111111,aaaaaaaa,00000000
532,532,0,22222222,bbbbbbbb,00000000
533,533,0,11111111,aaaaaaaa,00000000
534,534,0,22222222,bbbbbbbb,00000000
535,535,0,11111111,aaaaaaaa,00000000
536,536,0,22222222,bbbbbbbb,00000000
537,537,0,11111111,aaaaaaaa,00000000
538,538,0,22222222,bbbbbbbb,00000000
539,539,0,11111111,aaaaaaaa,00000000
540,540,0,22222222,bbbbbbbb,00000000
541,541,0,11111111,aaaaaaaa,00000000
542,542,0,22222222,bbbbbbbb,00000000
543,543,0,11111111,aaaaaaaa,00000000
544,544,0,22222222,bbbbbbbb,00000000
545,545,0,11111111,aaaaaaaa,00000000
546,546,0,22222222,bbbbbbbb,00000000
547,547,0,11111111,aaaaaaaa,00000000
548,548,0,22222222,bbbbbbbb,00000000
549,549,0,11111111,aaaaaaaa,00000000
550,550,0,22222222,bbbbbbbb,00000000
551,551,0,11111111,aaaaaaaa,00000000
552,552,0,22222222,bbbbbbbb,00000000
553,553,0,11111111,aaaaaaaa,00000000
554,554,0,22222222,bbbbbbbb,00000000
555,555,0,11111111,aaaaaaaa,00000000
556,556,0,22222222,bbbbbbbb,00000000
557,557,0,11111111,aaaaaaaa,00000000
558,558,0,22222222,bbbbbbbb,00000000
559,559,0,11111111,aaaaaaaa,00000000
560,560,0,22222222,bbbbbbbb,00000000
561,561,0,11111111,aaaaaaaa,00000000
562,562,0,22222222,bbbbbbbb,00000000
563,563,0,11111111,aaaaaaaa,00000000
564,564,0,22222222,bbbbbbbb,00000000
565,565,0,11111111,aaaaaaaa,00000000
566,566,0,22222222,bbbbbbbb,00000000
567,567,0,11111111,aaaaaaaa,00000000
568,568,0,22222222,bbbbbbbb,00000000
569,569,0,11111111,aaaaaaaa,00000000
570,570,0,22222222,bbbbbbbb,00000000
571,571,0,11111111,aaaaaaaa,00000000
572,572,0,22222222,bbbbbbbb,00000000
573,573,0,11111111,aaaaaaaa,00000000
574,574,0,22222222,bbbbbbbb,00000000
575,575,0,11111111,aaaaaaaa,00000000
576,576,0,22222222,bbbbbbbb,00000000
577,577,0,11111111,aaaaaaaa,00000000
578,578,0,22222222,bbbbbbbb,00000000
579,579,0,11111111,aaaaaaaa,00000000
580,580,0,22222222,bbbbbbbb,00000000
581,581,0,11111111,aaaaaaaa,00000000
582,582,0,22222222,bbbbbbbb,00000000
583,583,0,11111111,aaaaaaaa,00000000
584,584,0,22222222,bbbbbbbb,00000000
585,585,0,11111111,aaaaaaaa,00000000
586,586,0,22222222,bbbbbbbb,00000000
587,587,0,11111111,aaaaaaaa,00000000
588,588,0,22222222,bbbbbbbb,00000000
589,589,0,11111111,aaaaaaaa,00000000
590,590,0,22222222,bbbbbbbb,00000000
591,591,0,11111111,aaaaaaaa,00000000
592,592,0,22222222,bbbbbbbb,00000000
593,593,0,11111111,aaaaaaaa,00000000
594,594,0,22222222,bbbbbbbb,00000000
595,595,0,11111111,aaaaaaaa,00000000
596,596,0,22222222,bbbbbbbb,00000000
597,597,0,11111111,aaaaaaaa,00000000
598,598,0,22222222,bbbbbbbb,00000000
599,599,0,11111111,aaaaaaaa,00000000
600,600,0,22222222,bbbbbbbb,00000000
601,601,0,11111111,aaaaaaaa,00000000
602,602,0,22222222,bbbbbbbb,00000000
603,603,0,11111111,aaaaaaaa,00000000
604,604,0,22222222,bbbbbbbb,00000000
605,605,0,11111111,aaaaaaaa,00000000
606,606,0,22222222,bbbbbbbb,00000000
607,607,0,11111111,aaaaaaaa,00000000
608,608,0,22222222,bbbbbbbb,00000000
609,609,0,11111111,aaaaaaaa,00000000
610,610,0,22222222,bbbbbbbb,00000000
611,611,0,11111111,aaaaaaaa,00000000
612,612,0,22222222,bbbbbbbb,00000000
613,613,0,11111111,aaaaaaaa,00000000
614,614,0,22222222,bbbbbbbb,00000000
615,615,0,11111111,aaaaaaaa,00000000
616,616,0,22222222,bbbbbbbb,00000000
617,617,0,11111111,aaaaaaaa,00000000
618,618,0,22222222,bbbbbbbb,00000000
619,619,0,11111111,aaaaaaaa,00000000
620,620,0,22222222,bbbbbbbb,00000000
621,621,0,11111111,aaaaaaaa,00000000
622,622,0,22222222,bbbbbbbb,00000000
623,623,0,11111111,aaaaaaaa,00000000
624,624,0,22222222,bbbbbbbb,00000000
625,625,0,11111111,aaaaaaaa,00000000
626,626,0,22222222,bbbbbbbb,00000000
627,627,0,11111111,aaaaaaaa,00000000
628,628,0,22222222,bbbbbbbb,00000000
629,629,0,11111111,aaaaaaaa,00000000
630,630,0,22222222,bbbbbbbb,00000000
631,631,0,11111111,aaaaaaaa,00000000
632,632,0,22222222,bbbbbbbb,00000000
633,633,0,11111111,aaaaaaaa,00000000
634,634,0,22222222,bbbbbbbb,00000000
635,635,0,11111111,aaaaaaaa,00000000
636,636,0,22222222,bbbbbbbb,00000000
637,637,0,11111111,aaaaaaaa,00000000
638,638,0,22222222,bbbbbbbb,00000000
639,639,0,11111111,aaaaaaaa,00000000
640,640,0,22222222,bbbbbbbb,00000000
641,641,0,11111111,aaaaaaaa,00000000
642,642,0,22222222,bbbbbbbb,00000000
643,643,0,11111111,aaaaaaaa,00000000
644,644,0,22222222,bbbbbbbb,00000000
645,645,0,11111111,aaaaaaaa,00000000
646,646,0,22222222,bbbbbbbb,00000000
647,647,0,11111111,aaaaaaaa,00000000
648,648,0,22222222,bbbbbbbb,00000000
649,649,0,11111111,aaaaaaaa,00000000
650,650,0,22222222,bbbbbbbb,00000000
651,651,0,11111111,aaaaaaaa,00000000
652,652,0,22222222,bbbbbbbb,00000000
653,653,0,11111111,aaaaaaaa,00000000
654,654,0,22222222,bbbbbbbb,00000000
655,655,0,11111111,aaaaaaaa,00000000
656,656,0,22222222,bbbbbbbb,00000000
657,657,0,11111111,aaaaaaaa,00000000
658,658,0,22222222,bbbbbbbb,00000000
659,659,0,11111111,aaaaaaaa,00000000
660,660,0,22222222,bbbbbbbb,00000000
661,661,0,11111111,aaaaaaaa,00000000
662,662,0,22222222,bbbbbbbb,00000000
663,663,0,11111111,aaaaaaaa,00000000
664,664,0,22222222,bbbbbbbb,00000000
665,665,0,11111111,aaaaaaaa,00000000
666,666,0,22222222,bbbbbbbb,00000000
667,667,0,11111111,aaaaaaaa,00000000
668,668,0,22222222,bbbbbbbb,00000000
669,669,0,11111111,aaaaaaaa,00000000
670,670,0,22222222,bbbbbbbb,00000000
671,671,0,11111111,aaaaaaaa,00000000
672,672,0,22222222,bbbbbbbb,00000000
673,673,0,11111111,aaaaaaaa,00000000
674,674,0,22222222,bbbbbbbb,00000000
675,675,0,11111111,aaaaaaaa,00000000
676,676,0,22222222,bbbbbbbb,00000000
677,677,0,11111111,aaaaaaaa,00000000
678,678,0,22222222,bbbbbbbb,00000000
679,679,0,11111111,aaaaaaaa,00000000
680,680,0,22222222,bbbbbbbb,00000000
681,681,0,11111111,aaaaaaaa,00000000
682,682,0,22222222,bbbbbbbb,00000000
683,683,0,11111111,aaaaaaaa,00000000
684,684,0,22222222,bbbbbbbb,00000000
685,685,0,11111111,aaaaaaaa,00000000
686,686,0,22222222,bbbbbbbb,00000000
687,687,0,11111111,aaaaaaaa,00000000
688,688,0,22222222,bbbbbbbb,00000000
689,689,0,11111111,aaaaaaaa,00000000
690,690,0,22222222,bbbbbbbb,00000000
691,691,0,11111111,aaaaaaaa,00000000
692,692,0,22222222,bbbbbbbb,00000000
693,693,0,11111111,aaaaaaaa,00000000
694,694,0,22222222,bbbbbbbb,00000000
695,695,0,11111111,aaaaaaaa,00000000
696,696,0,22222222,bbbbbbbb,00000000
697,697,0,11111111,aaaaaaaa,00000000
698,698,0,22222222,bbbbbbbb,00000000
699,699,0,11111111,aaaaaaaa,00000000
700,700,0,22222222,bbbbbbbb,00000000
701,701,0,11111111,aaaaaaaa,00000000
702,702,0,22222222,bbbbbbbb,00000000
703,703,0,11111111,aaaaaaaa,00000000
704,704,0,22222222,bbbbbbbb,00000000
705,705,0,11111111,aaaaaaaa,00000000
706,706,0,22222222,bbbbbbbb,00000000
707,707,0,11111111,aaaaaaaa,00000000
708,708,0,22222222,bbbbbbbb,00000000
709,709,0,11111111,aaaaaaaa,00000000
710,710,0,22222222,bbbbbbbb,00000000
711,711,0,11111111,aaaaaaaa,00000000
712,712,0,22222222,bbbbbbbb,00000000
713,713,0,11111111,aaaaaaaa,00000000
714,714,0,22222222,bbbbbbbb,00000000
715,715,0,11111111,aaaaaaaa,00000000
716,716,0,22222222,bbbbbbbb,00000000
717,717,0,11111111,aaaaaaaa,00000000
718,718,0,22222222,bbbbbbbb,00000000
719,719,0,11111111,aaaaaaaa,00000000
720,720,0,22222222,bbbbbbbb,00000000
721,721,0,11111111,aaaaaaaa,00000000
722,722,0,22222222,bbbbbbbb,00000000
723,723,0,11111111,aaaaaaaa,00000000
724,724,0,22222222,bbbbbbbb,00000000
725,725,0,11111111,aaaaaaaa,00000000
726,726,0,22222222,bbbbbbbb,00000000
727,727,0,11111111,aaaaaaaa,00000000
728,728,0,22222222,bbbbbbbb,00000000
729,729,0,11111111,aaaaaaaa,00000000
730,730,0,22222222,bbbbbbbb,00000000
731,731,0,11111111,aaaaaaaa,00000000
732,732,0,22222222,bbbbbbbb,00000000
733,733,0,11111111,aaaaaaaa,00000000
734,734,0,22222222,bbbbbbbb,00000000
735,735,0,11111111,aaaaaaaa,00000000
736,736,0,22222222,bbbbbbbb,00000000
737,737,0,11111111,aaaaaaaa,00000000
738,738,0,22222222,bbbbbbbb,00000000
739,739,0,11111111,aaaaaaaa,00000000
740,740,0,22222222,bbbbbbbb,00000000
741,741,0,11111111,aaaaaaaa,00000000
742,742,0,22222222,bbbbbbbb,00000000
743,743,0,11111111,aaaaaaaa,00000000
744,744,0,22222222,bbbbbbbb,00000000
745,745,0,11111111,aaaaaaaa,00000000
746,746,0,22222222,bbbbbbbb,00000000
747,747,0,11111111,aaaaaaaa,00000000
748,748,0,22222222,bbbbbbbb,00000000
749,749,0,11111111,aaaaaaaa,00000000
750,750,0,22222222,bbbbbbbb,00000000
751,751,0,11111111,aaaaaaaa,00000000
752,752,0,22222222,bbbbbbbb,00000000
753,753,0,11111111,aaaaaaaa,00000000
754,754,0,22222222,bbbbbbbb,00000000
755,755,0,11111111,aaaaaaaa,00000000
756,756,0,22222222,bbbbbbbb,00000000
757,757,0,11111111,aaaaaaaa,00000000
758,758,0,22222222,bbbbbbbb,00000000
759,759,0,11111111,aaaaaaaa,00000000
760,760,0,22222222,bbbbbbbb,00000000
761,761,0,11111111,aaaaaaaa,00000000
762,762,0,22222222,bbbbbbbb,00000000
763,763,0,11111111,aaaaaaaa,00000000
764,764,0,22222222,bbbbbbbb,00000000
765,765,0,11111111,aaaaaaaa,00000000
766,766,0,22222222,bbbbbbbb,00000000
767,767,0,11111111,aaaaaaaa,00000000
768,768,0,22222222,bbbbbbbb,00000000
769,769,0,11111111,aaaaaaaa,00000000
770,770,0,22222222,bbbbbbbb,00000000
771,771,0,11111111,aaaaaaaa,00000000
772,772,0,22222222,bbbbbbbb,00000000
773,773,0,11111111,aaaaaaaa,00000000
774,774,0,22222222,bbbbbbbb,00000000
775,775,0,11111111,aaaaaaaa,00000000
776,776,0,22222222,bbbbbbbb,00000000
777,777,0,11111111,aaaaaaaa,00000000
778,778,0,22222222,bbbbbbbb,00000000
779,779,0,11111111,aaaaaaaa,00000000
780,780,0,22222222,bbbbbbbb,00000000
781,781,0,11111111,aaaaaaaa,00000000
782,782,0,22222222,bbbbbbbb,00000000
783,783,0,11111111,aaaaaaaa,00000000
784,784,0,22222222,bbbbbbbb,00000000
785,785,0,11111111,aaaaaaaa,00000000
786,786,0,22222222,bbbbbbbb,00000000
787,787,0,11111111,aaaaaaaa,00000000
788,788,0,22222222,bbbbbbbb,00000000
789,789,0,11111111,aaaaaaaa,00000000
790,790,0,22222222,bbbbbbbb,00000000
791,791,0,11111111,aaaaaaaa,00000000
792,792,0,22222222,bbbbbbbb,00000000
793,793,0,11111111,aaaaaaaa,00000000
794,794,0,22222222,bbbbbbbb,00000000
795,795,0,11111111,aaaaaaaa,00000000
796,796,0,22222222,bbbbbbbb,00000000
797,797,0,11111111,aaaaaaaa,00000000
798,798,0,22222222,bbbbbbbb,00000000
799,799,0,11111111,aaaaaaaa,00000000
800,800,0,22222222,bbbbbbbb,00000000
801,801,0,11111111,aaaaaaaa,00000000
802,802,0,22222222,bbbbbbbb,00000000
803,803,0,11111111,aaaaaaaa,00000000
804,804,0,22222222,bbbbbbbb,00000000
805,805,0,11111111,aaaaaaaa,00000000
806,806,0,22222222,bbbbbbbb,00000000
807,807,0,11111111,aaaaaaaa,00000000
808,808,0,22222222,bbbbbbbb,00000000
809,809,0,11111111,aaaaaaaa,00000000
810,810,0,22222222,bbbbbbbb,00000000
811,811,0,11111111,aaaaaaaa,00000000
812,812,0,22222222,bbbbbbbb,00000000
813,813,0,11111111,aaaaaaaa,00000000
814,814,0,22222222,bbbbbbbb,00000000
815,815,0,11111111,aaaaaaaa,00000000
816,816,0,22222222,bbbbbbbb,00000000
817,817,0,11111111,aaaaaaaa,00000000
818,818,0,22222222,bbbbbbbb,00000000
819,819,0,11111111,aaaaaaaa,00000000
820,820,0,22222222,bbbbbbbb,00000000
821,821,0,11111111,aaaaaaaa,00000000
822,822,0,22222222,bbbbbbbb,00000000
823,823,0,11111111,aaaaaaaa,00000000
824,824,0,22222222,bbbbbbbb,00000000
825,825,0,11111111,aaaaaaaa,00000000
826,826,0,22222222,bbbbbbbb,00000000
827,827,0,11111111,aaaaaaaa,00000000
828,828,0,22222222,bbbbbbbb,00000000
829,829,0,11111111,aaaaaaaa,00000000
830,830,0,22222222,bbbbbbbb,00000000
831,831,0,11111111,aaaaaaaa,00000000
832,832,0,22222222,bbbbbbbb,00000000
833,833,0,11111111,aaaaaaaa,00000000
834,834,0,22222222,bbbbbbbb,00000000
835,835,0,11111111,aaaaaaaa,00000000
836,836,0,22222222,bbbbbbbb,00000000
837,837,0,11111111,aaaaaaaa,00000000
838,838,0,22222222,bbbbbbbb,00000000
839,839,0,11111111,aaaaaaaa,00000000
840,840,0,22222222,bbbbbbbb,00000000
841,841,0,11111111,aaaaaaaa,00000000
842,842,0,22222222,bbbbbbbb,00000000
843,843,0,11111111,aaaaaaaa,00000000
844,844,0,22222222,bbbbbbbb,00000000
845,845,0,11111111,aaaaaaaa,00000000
846,846,0,22222222,bbbbbbbb,00000000
847,847,0,11111111,aaaaaaaa,00000000
848,848,0,22222222,bbbbbbbb,00000000
849,849,0,11111111,aaaaaaaa,00000000
850,850,0,22222222,bbbbbbbb,00000000
851,851,0,11111111,aaaaaaaa,00000000
852,852,0,22222222,bbbbbbbb,00000000
853,853,0,11111111,aaaaaaaa,00000000
854,854,0,22222222,bbbbbbbb,00000000
855,855,0,11111111,aaaaaaaa,00000000
856,856,0,22222222,bbbbbbbb,00000000
857,857,0,11111111,aaaaaaaa,00000000
858,858,0,22222222,bbbbbbbb,00000000
859,859,0,11111111,aaaaaaaa,00000000
860,860,0,22222222,bbbbbbbb,00000000
861,861,0,11111111,aaaaaaaa,00000000
862,862,0,22222222,bbbbbbbb,00000000
863,863,0,11111111,aaaaaaaa,00000000
864,864,0,22222222,bbbbbbbb,00000000
865,865,0,11111111,aaaaaaaa,00000000
866,866,0,22222222,bbbbbbbb,00000000
867,867,0,11111111,aaaaaaaa,00000000
868,868,0,22222222,bbbbbbbb,00000000
869,869,0,11111111,aaaaaaaa,00000000
870,870,0,22222222,bbbbbbbb,00000000
871,871,0,11111111,aaaaaaaa,00000000
872,872,0,22222222,bbbbbbbb,00000000
873,873,0,11111111,aaaaaaaa,00000000
874,874,0,22222222,bbbbbbbb,00000000
875,875,0,11111111,aaaaaaaa,00000000
876,876,0,22222222,bbbbbbbb,00000000
877,877,0,11111111,aaaaaaaa,00000000
878,878,0,22222222,bbbbbbbb,00000000
879,879,0,11111111,aaaaaaaa,00000000
880,880,0,22222222,bbbbbbbb,00000000
881,881,0,11111111,aaaaaaaa,00000000
882,882,0,22222222,bbbbbbbb,00000000
883,883,0,11111111,aaaaaaaa,00000000
884,884,0,22222222,bbbbbbbb,00000000
885,885,0,11111111,aaaaaaaa,00000000
886,886,0,22222222,bbbbbbbb,00000000
887,887,0,11111111,aaaaaaaa,00000000
888,888,0,22222222,bbbbbbbb,00000000
889,889,0,11111111,aaaaaaaa,00000000
890,890,0,22222222,bbbbbbbb,00000000
891,891,0,11111111,aaaaaaaa,00000000
892,892,0,22222222,bbbbbbbb,00000000
893,893,0,11111111,aaaaaaaa,00000000
894,894,0,22222222,bbbbbbbb,00000000
895,895,0,11111111,aaaaaaaa,00000000
896,896,0,22222222,bbbbbbbb,00000000
897,897,0,11111111,aaaaaaaa,00000000
898,898,0,22222222,bbbbbbbb,00000000
899,899,0,11111111,aaaaaaaa,00000000
900,900,0,22222222,bbbbbbbb,00000000
901,901,0,11111111,aaaaaaaa,00000000
902,902,0,22222222,bbbbbbbb,00000000
903,903,0,11111111,aaaaaaaa,00000000
904,904,0,22222222,bbbbbbbb,00000000
905,905,0,11111111,aaaaaaaa,00000000
906,906,0,22222222,bbbbbbbb,00000000
907,907,0,11111111,aaaaaaaa,00000000
908,908,0,22222222,bbbbbbbb,00000000
909,909,0,11111111,aaaaaaaa,00000000
910,910,0,22222222,bbbbbbbb,00000000
911,911,0,11111111,aaaaaaaa,00000000
912,912,0,22222222,bbbbbbbb,00000000
913,913,0,11111111,aaaaaaaa,00000000
914,914,0,22222222,bbbbbbbb,00000000
915,915,0,11111111,aaaaaaaa,00000000
916,916,0,22222222,bbbbbbbb,00000000
917,917,0,11111111,aaaaaaaa,00000000
918,918,0,22222222,bbbbbbbb,00000000
919,919,0,11111111,aaaaaaaa,00000000
920,920,0,22222222,bbbbbbbb,00000000
921,921,0,11111111,aaaaaaaa,00000000
922,922,0,22222222,bbbbbbbb,00000000
923,923,0,11111111,aaaaaaaa,00000000
924,924,0,22222222,bbbbbbbb,00000000
925,925,0,11111111,aaaaaaaa,00000000
926,926,0,22222222,bbbbbbbb,00000000
927,927,0,11111111,aaaaaaaa,00000000
928,928,0,22222222,bbbbbbbb,00000000
929,929,0,11111111,aaaaaaaa,00000000
930,930,0,22222222,bbbbbbbb,00000000
931,931,0,11111111,aaaaaaaa,00000000
932,932,0,22222222,bbbbbbbb,00000000
933,933,0,11111111,aaaaaaaa,00000000
934,934,0,22222222,bbbbbbbb,00000000
935,935,0,11111111,aaaaaaaa,00000000
936,936,0,22222222,bbbbbbbb,00000000
937,937,0,11111111,aaaaaaaa,00000000
938,938,0,22222222,bbbbbbbb,00000000
939,939,0,11111111,aaaaaaaa,00000000
940,940,0,22222222,bbbbbbbb,00000000
941,941,0,11111111,aaaaaaaa,00000000
942,942,0,22222222,bbbbbbbb,00000000
943,943,0,11111111,aaaaaaaa,00000000
944,944,0,22222222,bbbbbbbb,00000000
945,945,0,11111111,aaaaaaaa,00000000
946,946,0,22222222,bbbbbbbb,00000000
947,947,0,11111111,aaaaaaaa,00000000
948,948,0,22222222,bbbbbbbb,00000000
949,949,0,11111111,aaaaaaaa,00000000
950,950,0,22222222,bbbbbbbb,00000000
951,951,0,11111111,aaaaaaaa,00000000
952,952,0,22222222,bbbbbbbb,00000000
953,953,0,11111111,aaaaaaaa,00000000
954,954,0,22222222,bbbbbbbb,00000000
955,955,0,11111111,aaaaaaaa,00000000
956,956,0,22222222,bbbbbbbb,00000000
957,957,0,11111111,aaaaaaaa,00000000
958,958,0,22222222,bbbbbbbb,00000000
959,959,0,11111111,aaaaaaaa,00000000
960,960,0,22222222,bbbbbbbb,00000000
961,961,0,11111111,aaaaaaaa,00000000
962,962,0,22222222,bbbbbbbb,00000000
963,963,0,11111111,aaaaaaaa,00000000
964,964,0,22222222,bbbbbbbb,00000000
965,965,0,11111111,aaaaaaaa,00000000
966,966,0,22222222,bbbbbbbb,00000000
967,967,0,11111111,aaaaaaaa,00000000
968,968,0,22222222,bbbbbbbb,00000000
969,969,0,11111111,aaaaaaaa,00000000
970,970,0,22222222,bbbbbbbb,00000000
971,971,0,11111111,aaaaaaaa,00000000
972,972,0,22222222,bbbbbbbb,00000000
973,973,0,11111111,aaaaaaaa,00000000
974,974,0,22222222,bbbbbbbb,00000000
975,975,0,11111111,aaaaaaaa,00000000
976,976,0,22222222,bbbbbbbb,00000000
977,977,0,11111111,aaaaaaaa,00000000
978,978,0,22222222,bbbbbbbb,00000000
979,979,0,11111111,aaaaaaaa,00000000
980,980,0,22222222,bbbbbbbb,00000000
981,981,0,11111111,aaaaaaaa,00000000
982,982,0,22222222,bbbbbbbb,00000000
983,983,0,11111111,aaaaaaaa,00000000
984,984,0,22222222,bbbbbbbb,00000000
985,985,0,11111111,aaaaaaaa,00000000
986,986,0,22222222,bbbbbbbb,00000000
987,987,0,11111111,aaaaaaaa,00000000
988,988,0,22222222,bbbbbbbb,00000000
989,989,0,11111111,aaaaaaaa,00000000
990,990,0,22222222,bbbbbbbb,00000000
991,991,0,11111111,aaaaaaaa,00000000
992,992,0,22222222,bbbbbbbb,00000000
993,993,0,11111111,aaaaaaaa,00000000
994,994,0,22222222,bbbbbbbb,00000000
995,995,0,11111111,aaaaaaaa,00000000
996,996,0,22222222,bbbbbbbb,00000000
997,997,0,11111111,aaaaaaaa,00000000
998,998,0,22222222,bbbbbbbb,00000000
999,999,0,11111111,aaaaaaaa,00000000
1000,1000,0,22222222,bbbbbbbb,00000000
1001,1001,0,11111111,aaaaaaaa,00000000
1002,1002,0,22222222,bbbbbbbb,00000000
1003,1003,0,11111111,aaaaaaaa,00000000
1004,1004,0,22222222,bbbbbbbb,00000000
1005,1005,0,11111111,aaaaaaaa,00000000
1006,1006,0,22222222,bbbbbbbb,00000000
1007,1007,0,11111111,aaaaaaaa,00000000
1008,1008,0,22222222,bbbbbbbb,00000000
1009,1009,0,11111111,aaaaaaaa,00000000
1010,1010,0,22222222,bbbbbbbb,00000000
1011,1011,0,11111111,aaaaaaaa,00000000
1012,1012,0,22222222,bbbbbbbb,00000000
1013,1013,0,11111111,aaaaaaaa,00000000
1014,1014,0,22222222,bbbbbbbb,00000000
1015,1015,0,11111111,aaaaaaaa,00000000
1016,1016,0,22222222,bbbbbbbb,00000000
1017,1017,0,11111111,aaaaaaaa,00000000
1018,1018,0,22222222,bbbbbbbb,00000000
1019,1019,0,11111111,aaaaaaaa,00000000
1020,1020,0,22222222,bbbbbbbb,00000000
1021,1021,0,11111111,aaaaaaaa,00000000
1022,1022,0,22222222,bbbbbbbb,00000000
1023,1023,0,11111111,aaaaaaaa,00000000
